ID,Product Name,Category,Source Platform,Source Link,Source Price (local),Source Currency,Source Price (USD),MOQ,Estimated Sell Price (VND),Estimated Sell Price (USD),Estimated Margin (%),Shipping Weight (g),Seasonality,Regulation Risk,Notes
1,TWS Wireless Earbuds E8 Bluetooth 5.3,Tech Accessories,1688,https://detail.1688.com/offer/974485664661.html,108,CNY,15.12,1,499000,19.96,57,50,Year-round,Low,ANC stereo bass; colors: black/blue/grey/pink; IPX6 waterproof
2,TWS Earbuds OEM ANC ENC BT 5.3 IPX5,Tech Accessories,Alibaba,https://gccelectronic.com/udm/product/tws-wireless-earbuds/,9.5,USD,9.50,500,699000,27.96,66,55,Year-round,Low,Hybrid ANC + ENC; OEM/ODM; 500mAh case; sample available
3,F8 TWS Earbuds BT 5.4 OEM Factory,Tech Accessories,Factory,https://www.tashells.com/product/wholesale-f8-tws-earbuds-factory-bluetooth-5-3-oem-true-wireless-earphones-manufacturer/,5,USD,5.00,1000,299000,11.96,58,50,Year-round,Low,JL6973 chipset; 24H playtime; IPX4; OEM private label available
4,Neck Fan USB Rechargeable 3-Speed,Tech Accessories,1688,https://detail.1688.com/offer/784671047598.html,7.9,CNY,1.11,1,149000,5.96,81,285,Summer,Low,800-1000mAh battery; 1-3H runtime; colors: white/black/pink/green/blue; bladeless
5,Handheld Mini Fan Pocket A8 with Night Light,Tech Accessories,1688,https://wiki.1688.com/zh/fans/WKfp87qpgyghs0,2.27,CNY,0.32,1,79000,3.16,90,150,Summer,Low,Trending summer 2026; 1688 sales 100K+; multiple suppliers; USB charge
6,Handheld Fan Turbo High Speed,Tech Accessories,1688,https://wiki.1688.com/zh/fans/WKfpbw1icabmdc,4.55,CNY,0.64,1,99000,3.96,84,200,Summer,Low,Turbo fan 8m/s wind speed; 6H battery; folding design; 21K+ users
7,Tuya Smart WiFi Plug EU Socket,Smart Home,Alibaba,https://www.alibaba.com/product-detail/Tuya-Smart-Universal-Plug-EU-UK_1601143750268.html,3.7,USD,3.70,500,199000,7.96,54,80,Year-round,Low,Alexa/Google Home compatible; EU plug fits VN; schedule/timer; sample $4.20
8,Tuya WiFi RGB LED Strip Controller,Smart Home,Alibaba,https://www.alibaba.com/product-detail/Self-Developed-Smart-5in1-Tuya-Wifi_1601824916676.html,5.02,USD,5.02,2,299000,11.96,58,100,Year-round,Low,5-in-1 PWM dimmer; WiFi+BT+Zigbee; RGB/RGBW/RGBCW; CE/FCC/RoHS
9,Tuya WiFi RGB Controller 110V/220V,Smart Home,Alibaba,https://www.alibaba.com/product-detail/Tuya-APP-Smart-WIFI-RGB-Controller_1600930487585.html,10.3,USD,10.30,500,499000,19.96,48,120,Year-round,Low,AC220V compatible; music sync; IR remote; works with Alexa; 1500W max
10,USB-C Fast Charging Cable 120W,Tech Accessories,1688,https://tw.1688.com/item/-757362B3E4B5E7CFDF207638.html,2.78,CNY,0.39,1,49000,1.96,80,40,Year-round,Low,6A fast charge; Type-C/Apple/V8 available; huge volume seller (294M+ sold)
11,USB-C 120W Flash Charge Cable 1.5m,Tech Accessories,1688,https://www.1688.com/baojia/-88uthmpi.html,8.8,CNY,1.23,1,99000,3.96,69,60,Year-round,Low,120W super flash charge; Huawei/Xiaomi/OPPO compatible; gift box packaging
12,Smart Bracelet GTL2 1.47 Heart Rate,Wearables,1688,https://detail.1688.com/offer/801137716610.html,78,CNY,10.92,1,399000,15.96,32,50,Year-round,Low,Heart rate/BP/SpO2/sleep; 15-21 day battery; IP life waterproof; 5 colors
13,Smart Bracelet S18 IP68 Fitness Tracker,Wearables,Alibaba,https://www.alibaba.com/product-detail/Wholesale-S18-Smart-Bracelet-Fitness-Tracker_1601791486394.html,14.3,USD,14.30,2,599000,23.96,40,50,Year-round,Low,PixArt PAR2860; BT 5.2; 145mAh; 15-day standby; IP68; factory direct
14,M8 Smart Bracelet Budget Fitness Band,Wearables,Alibaba,https://www.alibaba.com/product-detail/New-Arrival-2024-M8-Smart-Bracelet_1601261857107.html,1.25,USD,1.25,5,99000,3.96,68,30,Year-round,Low,Ultra-cheap; heart rate/pedometer/sleep; 12+1 month warranty; custom logo +$0.20
15,Polarized Sunglasses Sport Cycling,Fashion Accessories,1688,https://detail.1688.com/offer/705368726334.html,8,CNY,1.12,1,149000,5.96,81,30,Summer,Low,UV protection; polarized; cycling/outdoor; 5 color options; cross-border export
16,Designer Polarized Sunglasses Men Square,Fashion Accessories,Alibaba,https://www.alibaba.com/product-detail/1688-china-wholesale-high-quality-designer_1601425556555.html,4.99,USD,4.99,5,299000,11.96,58,35,Summer,Low,PC polarized; lightweight; OEM/ODM; ISO 9001 factory; 80K pcs/month capacity
17,Clear Transparent Phone Case iPhone 17,Tech Accessories,Alibaba,https://www.alibaba.com/product-detail/Wholesale-Clear-Transparent-PC-TPU-Phone_1601617574769.html,1.54,USD,1.54,10,79000,3.16,51,25,Year-round,Low,PC+TPU; iPhone 11-17 series; OEM/ODM; free sample (pay shipping); 100% QC
18,Silicone Phone Case Samsung S26/S24 Ultra,Tech Accessories,Alibaba,https://www.alibaba.com/product-detail/2026-Silicon-Cover-Wholesale-Phone-Cases_1601007109602.html,1.3,USD,1.30,10,99000,3.96,67,30,Year-round,Low,Liquid TPU silicone; Samsung/Xiaomi/Redmi compatible; multiple models
19,Power Bank 10000mAh 22.5W PD Fast Charge,Tech Accessories,Alibaba,https://www.alibaba.com/product-detail/Factory-Power-Bank-10000mah-22-5W_1600208687284.html,6.8,USD,6.80,100,399000,15.96,57,250,Year-round,Medium,22.5W PD; LED display; check VN battery import regulations; factory direct
20,Power Bank 10000mAh Built-in Cable,Tech Accessories,Alibaba,https://www.alibaba.com/product-detail/Wholesale-Price-With-Inbuilt-Cable-Mini_1601017846429.html,3.74,USD,3.74,100,249000,9.96,62,200,Year-round,Medium,Built-in cable; LED display; custom logo; ultra-slim; check VN import rules
21,Insulated Water Bottle 1000ml Stainless Steel,Home & Lifestyle,Alibaba,https://www.alibaba.com/product-detail/Large-Capacity-1000ml-Double-Wall-Stainless_1601210211275.html,2.83,USD,2.83,2,199000,7.96,64,400,Year-round,Low,Double wall vacuum; 6-12H insulation; 18/8 stainless steel; BPA-free; OEM
22,Insulated Water Bottle 500ml Stainless Steel,Home & Lifestyle,Made-in-China,https://www.made-in-china.com/price/prodetail_Vacuum-Thermo_CmwryBMVMXUH.html,1.98,USD,1.98,50,149000,5.96,67,300,Year-round,Low,18/8 stainless; sublimation ready; wide mouth; multiple capacities; $1.25-4
23,Hydrocolloid Acne Patch 24pcs,Beauty & Skincare,Made-in-China,https://shunqiyan.en.made-in-china.com/product/WpURJkPVJgcj/China-Wholesale-Custom-OEM-ODM-Acne-Pimple-Patch-Best-Selling-18-24-36-Counts-Size-Selectable.html,0.18,USD,0.18,5000,49000,1.96,91,10,Year-round,Medium,OEM/ODM; 18/24/36 count; hydrocolloid; check VN cosmetic regulations; high margin
24,Hydrocolloid Acne Patch Micro Needle,Beauty & Skincare,Made-in-China,https://huaweimedical.en.made-in-china.com/product/CGHYoTRUgPVO/China-Wholesale-Hydrocolloid-Korea-Skin-Care-Acne-Pimple-Patch-Micro-Needle-Face-Acne-Pimple-and-Spot-Patches.html,0.1,USD,0.10,10000,39000,1.56,94,10,Year-round,Medium,Korean skincare style; tea tree oil + salicylic acid; CE certified; 1M pcs/week capacity
25,Smart RGB LED Strip 5M WiFi App Control,Smart Home,Alibaba,https://smarts-lights.wholesale.airmaxssale.com/pz6231748-smart-ip65-full-color-rgbw-rgb-flexible-led-strip-wifi-voice-app-control.html,8,USD,8.00,1,399000,15.96,50,300,Year-round,Low,IP65 waterproof; WiFi + voice control; RGBW full color; 10M smart strip; Shenzhen
26,RGB LED Strip 5050 24V 5M Addressable,Smart Home,Factory,https://www.superlightingled.com/24v-slim-8mm-digital-2835-rgb-strip-light-168density-70-fw1903-ics-led-reel-p-7054.html,43.98,USD,43.98,1,1299000,51.96,15,500,Year-round,Low,Premium addressable; FW1903 IC; 168 LEDs/m; 24V; for advanced users; lower margin
27,Baseus Bowie E16 TWS Earbuds (Reference),Tech Accessories,Vietnam Retail,https://24hstore.vn/tai-nghe-baseus/tai-nghe-bluetooth-true-wireless-baseus-bowie-e16-p11486,11.9,USD,11.90,1,319000,12.76,0,50,Year-round,Low,REFERENCE PRICE ONLY - VN retail competitor; BT 5.3; 30H; IPX4; do not source this
28,Redmi AirDots 3 TWS (Reference),Tech Accessories,Vietnam Retail,https://mistore.com.vn/products/tai-nghe-tws-redmi-airdots-3-twsej08ls,29.16,USD,29.16,1,729000,29.16,0,50,Year-round,Low,REFERENCE PRICE ONLY - VN retail competitor; Xiaomi brand; use for price benchmarking
29,SoundPEATS Truengine 3 SE (Reference),Tech Accessories,Vietnam Retail,https://mho.vn/tai-nghe-true-wireless-soundpeats-truengine-3-se-newversion-bluetooth-5-2-s4482818008.html,39.96,USD,39.96,1,999000,39.96,0,60,Year-round,Low,REFERENCE PRICE ONLY - VN retail premium; ANC; QCC3040; APTX; price ceiling reference
30,Phone Case Sublimation Custom 3D,Tech Accessories,Alibaba,https://www.alibaba.com/product-detail/2-in-1-Sublimation-Phone-Cases_1601617497920.html,0.54,USD,0.54,1,59000,2.36,77,25,Year-round,Low,2-in-1 heat transfer; custom designs; iPhone/Samsung/Huawei/Xiaomi; no MOQ; factory 15+ years
